lambda,Psi,Delta,T,R,n_S,k_S
300,55.2217535040673,84.37228318652858,0.7762553687557993,0.22374463124420158,2.6726,3.0375
303,50.11187439117717,93.30850110460261,0.6803256791347012,0.3196743208652987,2.7346,3.0381
306,46.35824553293682,98.4368139214555,0.5919468276418188,0.40805317235818095,2.7967,3.0368
309,43.50539340846923,101.18051798254379,0.5149156243939906,0.485084375606009,2.8588,3.0334
312,41.2939286479171,102.19236832097847,0.45171403685707545,0.5482859631429254,2.9206,3.0279
315,39.48751216915507,101.93001999638571,0.4007233338419105,0.5992766661580904,2.9822,3.0205
318,37.903083034486095,100.64846103754117,0.35903341376848835,0.6409665862315121,3.0435,3.0109
321,36.47640802590125,98.54577151146762,0.325760374427989,0.6742396255720119,3.1042,2.9994
324,35.12615859461136,95.72242204873129,0.2988943380171948,0.7011056619828056,3.1644,2.9858
327,33.81035049536326,92.24917143729347,0.27719554481013725,0.7228044551898637,3.2238,2.9702
330,32.501776148272526,88.16504586277904,0.25967891965522494,0.7403210803447751,3.2825,2.9527
333,31.185620929864342,83.49011715124061,0.24558786615188177,0.7544121338481181,3.3402,2.9333
336,29.87035503463693,78.28353810957101,0.23445175169855945,0.7655482483014409,3.397,2.9121
339,28.535036776365615,72.42365038817451,0.225540624150679,0.7744593758493216,3.4526,2.8891
342,27.22011335405808,66.01561507685854,0.2187372293646625,0.781262770635338,3.5071,2.8643
345,25.93759419094621,58.98014537752307,0.21363786401096949,0.7863621359890307,3.5602,2.838
348,24.71912962073942,51.30050876405186,0.21004498512309153,0.7899550148769087,3.612,2.8101
351,23.60500153187547,42.98003620396505,0.20780031031725993,0.7921996896827397,3.6624,2.7807
354,22.639975814845386,34.05673907579183,0.2067845312134231,0.7932154687865774,3.7113,2.7499
357,21.874756418713435,24.72880143452733,0.2069139833329312,0.7930860166670692,3.7587,2.7178
360,21.33236200524973,14.931951740592174,0.20810050134385952,0.7918994986561405,3.8044,2.6846
363,21.04562265747798,5.088672678555904,0.2103090547151315,0.7896909452848685,3.8486,2.6502
366,21.018392647573467,-4.7906966981731145,0.2135380720018161,0.7864619279981842,3.8911,2.6149
369,21.235615153220383,-14.244875487195076,0.2177349665084913,0.7822650334915089,3.9318,2.5787
372,21.67018511791233,-23.204359890776193,0.22292645521220175,0.7770735447877987,3.9709,2.5417
375,22.285351510683824,-31.538572998436123,0.22913527136800033,0.7708647286319997,4.0083,2.504
378,23.041453554025495,-39.1802740721865,0.23639520225022878,0.7636047977497713,4.044,2.4657
381,23.900866096071166,-46.11122203031471,0.24474753333652077,0.7552524666634797,4.0779,2.427
384,24.831055167504807,-52.35382841001868,0.2542564289051659,0.7457435710948347,4.1102,2.3878
387,25.79203598223988,-57.880386637044516,0.2648504488229211,0.7351495511770794,4.1408,2.3483
390,26.79256317850451,-62.87421351728882,0.276862205045289,0.7231377949547113,4.1697,2.3085
393,27.80693059055807,-67.31077062286566,0.29024815341885224,0.7097518465811479,4.197,2.2687
396,28.81192849776702,-71.19377913625716,0.304926258673992,0.6950737413260083,4.2227,2.2287
399,29.834906238901624,-74.65745333576244,0.32135674205195724,0.6786432579480436,4.2469,2.1887
402,30.8462236602545,-77.65304670978217,0.33923383834346627,0.6607661616565342,4.2695,2.1488
405,31.865142151563123,-80.25389197334215,0.35885354620677073,0.6411464537932293,4.2907,2.1091
408,32.91314744828499,-82.50666914164471,0.3806320507390668,0.6193679492609337,4.3104,2.0695
411,33.96806053407172,-84.38015416983372,0.40410264168136184,0.5958973583186378,4.3287,2.0301
414,35.056485771472424,-85.9159966901521,0.4296192920861251,0.5703807079138756,4.3457,1.991
417,36.19138921676632,-87.12412523820616,0.4572478110389997,0.542752188961,4.3614,1.9523
420,37.387936668915806,-88.01204356974242,0.4870390724925573,0.5129609275074435,4.3758,1.9139
423,38.66440249511919,-88.58192847305045,0.518974614609993,0.4810253853900076,4.3891,1.876
426,40.04080472645432,-88.83411244316741,0.5530057316070082,0.4469942683929921,4.4012,1.8385
429,41.54066562971724,-88.76463706548738,0.5889986702247441,0.41100132977525744,4.4122,1.8014
432,43.19029069609478,-88.36407107026268,0.626709287224745,0.3732907127752551,4.4222,1.7649
435,45.01861995228917,-87.61986990587634,0.6658110520159983,0.3341889479840021,4.4311,1.7289
438,47.05797502098671,-86.51096204947429,0.7058425097182471,0.2941574902817533,4.4391,1.6934
441,49.34177271122526,-85.00623706039366,0.7462108682275117,0.25378913177248774,4.4462,1.6584
444,51.861252706944775,-83.10725182570864,0.7856016136272781,0.21439838637272235,4.4524,1.624
447,54.72379053959393,-80.65099414220423,0.8243598941449413,0.17564010585505935,4.4578,1.5902
450,57.912009897733725,-77.5569837038146,0.8609721848466909,0.13902781515331,4.4625,1.557
453,61.37011760217599,-73.71712306681805,0.8940055921395409,0.10599440786045951,4.4664,1.5244
456,65.17346292237116,-68.61482961652752,0.9235332288630993,0.07646677113690148,4.4696,1.4923
459,69.17832702229654,-61.666887037756666,0.9481692947438779,0.051830705256122385,4.4721,1.4609
462,73.13302259182683,-51.835735356810225,0.9670038281299244,0.03299617187007564,4.474,1.43
465,76.75835202653103,-36.38391062516266,0.980115955938469,0.01988404406153161,4.4753,1.3997
468,79.19401694799397,-12.919300297702163,0.9869297522946835,0.013070247705317554,4.4761,1.37
471,79.50819751964075,16.593219201964818,0.9877211779459866,0.012278822054015663,4.4763,1.3409
474,77.55095516072952,41.99664179465818,0.9826055649082271,0.0173944350917728,4.4761,1.3124
477,74.40165851343383,58.389321866862794,0.9723015355510204,0.02769846444897972,4.4754,1.2845
480,70.78338770537954,69.02167994039596,0.9570512812501192,0.042948718749881515,4.4742,1.2571
483,67.2359235584122,76.1329004973435,0.9381491352966322,0.06185086470336793,4.4727,1.2303
486,63.87211599070295,81.28253938847394,0.916111404921229,0.08388859507877182,4.4708,1.2041
489,60.764710139313735,85.19650535947373,0.891684419117501,0.10831558088249967,4.4685,1.1784
492,57.88726491515449,88.30325284229359,0.8650730341433812,0.13492696585661962,4.4658,1.1533
495,55.33535849369389,90.76720228375815,0.8378690290401151,0.16213097095988452,4.4629,1.1287
498,53.03792594808636,92.77352564741976,0.810148587274556,0.18985141272544417,4.4597,1.1046
501,50.971455855768276,94.41750027094149,0.7823723336414679,0.21762766635853378,4.4561,1.081
504,49.10980551188686,95.76198544084042,0.7548816688550526,0.24511833114494835,4.4524,1.0579
507,47.428752358955435,96.85559717904098,0.7279783156035659,0.2720216843964336,4.4484,1.0353
510,45.8792362767348,97.7377326945073,0.701376386302143,0.2986236136978575,4.4442,1.0132
513,44.49462999589758,98.4243058661619,0.6762404550768732,0.3237595449231277,4.4397,0.9916
516,43.22784917076203,98.94330678326085,0.6521504313604096,0.3478495686395916,4.4351,0.9705
519,42.06260395903425,99.3132949840184,0.6291762364571969,0.37082376354280266,4.4303,0.9498
522,40.98490589688072,99.54896072194693,0.6073493332427294,0.3926506667572703,4.4253,0.9295
525,39.98295819937491,99.66212570410863,0.5866692358490984,0.413330764150902,4.4202,0.9097
528,39.045999397106996,99.66414433751012,0.5671307504370251,0.4328692495629751,4.4149,0.8903
531,38.165397353719165,99.56305263836046,0.5486921385530987,0.4513078614469015,4.4096,0.8714
534,37.332638757801845,99.36860749189157,0.5313408957072197,0.468659104292781,4.404,0.8528
537,36.54150050819528,99.08598100850044,0.51501069098004,0.48498930901995857,4.3984,0.8346
540,35.79941588394586,98.73441564422843,0.4999722254414358,0.5000277745585644,4.3927,0.8169
543,35.07439855475628,98.29569726471266,0.4855441376933647,0.5144558623066355,4.3869,0.7995
546,34.375982375056694,97.78579167515839,0.4720029219557084,0.5279970780442922,4.381,0.7825
549,33.70012578565684,97.20865256482818,0.45929893059402443,0.540701069405976,4.375,0.7658
552,33.044069583371254,96.56758192221676,0.44737731263961505,0.5526226873603853,4.369,0.7495
555,32.40490550535806,95.86656890095273,0.43619986309105474,0.5638001369089455,4.3629,0.7336
558,31.779581546428663,95.10776305371579,0.4257210579830684,0.5742789420169319,4.3567,0.7179
561,31.177836656014446,94.31379209132193,0.41610073446882273,0.5838992655311788,4.3505,0.7027
564,30.57528127355428,93.44786271750154,0.40687800901728954,0.5931219909827097,4.3442,0.6877
567,29.981746187479583,92.53018615121265,0.39822825936933015,0.6017717406306707,4.3379,0.673
570,29.396294604425638,91.5627844133404,0.3901166775849919,0.6098833224150088,4.3316,0.6587
573,28.817291592301544,90.5472950290819,0.38251724072279386,0.6174827592772058,4.3252,0.6447
576,28.25409133623937,89.50703485854554,0.37554189530905885,0.6244581046909414,4.3189,0.6309
579,27.685472668209442,88.39692488299497,0.36885317241454757,0.6311468275854535,4.3125,0.6174
582,27.121400512922598,87.24175213318215,0.3625906772870382,0.6374093227129616,4.306,0.6043
585,26.570901504975527,86.06559198928304,0.3568485005792632,0.6431514994207381,4.2996,0.5913
588,26.01405842910815,84.81853247725167,0.35134357656248977,0.6486564234375105,4.2931,0.5787
591,25.460537891970045,83.52369171492191,0.34618143956988884,0.6538185604301116,4.2867,0.5663
594,24.920081561943455,82.21373082741681,0.34146889260984703,0.6585311073901537,4.2802,0.5542
597,24.37277193909998,80.82576773748218,0.336941401425485,0.663058598574515,4.2738,0.5423
600,23.828519606464187,79.39121766456411,0.3327146490315588,0.6672853509684418,4.2673,0.5307
603,23.297006691103068,77.9401258406105,0.328861606622971,0.671138393377029,4.2608,0.5192
606,22.75992681570612,76.40676131784718,0.32516377791829165,0.6748362220817076,4.2544,0.5081
609,22.22579931400653,74.82184076868869,0.32172213421746576,0.6782778657825344,4.2479,0.4971
612,21.706418572161457,73.22070324239066,0.31859069468077417,0.6814093053192258,4.2415,0.4864
615,21.181599538072614,71.5286225714585,0.3155985954396018,0.684401404560398,4.2351,0.4759
618,20.671704059943824,69.81959641059984,0.3128915078771757,0.6871084921228239,4.2287,0.4656
621,20.15757948979104,68.01313149659892,0.3103116482848705,0.6896883517151297,4.2223,0.4555
624,19.649805550060776,66.1455186414246,0.3079252508911502,0.6920747491088496,4.2159,0.4456
627,19.15831451064933,64.25748118602385,0.3057830979638339,0.6942169020361659,4.2095,0.4358
630,18.66583784765841,62.260477575689336,0.3037469757127411,0.6962530242872588,4.2032,0.4263
633,18.19148509461126,60.24253532490744,0.3019312762077,0.6980687237922997,4.1969,0.417
636,17.717365754088156,58.1072833272558,0.30022074833893203,0.6997792516610677,4.1906,0.4079
639,17.26253384654525,55.94786624728179,0.2987102573130655,0.7012897426869346,4.1843,0.3989
642,16.81027740176218,53.662246155370035,0.29729875368574366,0.7027012463142565,4.178,0.3901
645,16.37987639463896,51.351274625467624,0.296061963224053,0.7039380367759472,4.1718,0.3815
648,15.95433727786204,48.903697651542956,0.2949196875568304,0.70508031244317,4.1656,0.373
651,15.552364406758393,46.433915454089394,0.2939411414218054,0.7060588585781948,4.1594,0.3648
654,15.158335169010256,43.81631623552039,0.29304749361753474,0.7069525063824657,4.1533,0.3566
657,14.78915057199056,41.17990077356837,0.29230877128855737,0.7076912287114433,4.1471,0.3487
660,14.431486531643143,38.39183628326789,0.2916512246506046,0.7083487753493956,4.141,0.3409
663,14.100746783432939,35.58252341672244,0.2911239551857433,0.7088760448142566,4.135,0.3332
666,13.784136180243891,32.62419219426087,0.29068724245937494,0.709312757540625,4.1289,0.3257
669,13.496010661507372,29.65317230136914,0.2903685932125727,0.7096314067874276,4.1229,0.3183
672,13.225848565321417,26.53428284351482,0.29013251364550097,0.7098674863544998,4.1169,0.3111
675,12.9853868825599,23.41632204260491,0.2900033708555723,0.7099966291444278,4.111,0.304
678,12.765718418060697,20.156254763840973,0.28995639619811386,0.7100436038018864,4.1051,0.297
681,12.576034350650295,16.919947167680462,0.2900115975141738,0.7099884024858262,4.0992,0.2902
684,12.409790895104686,13.556357540971712,0.29014828409095383,0.7098517159090463,4.0933,0.2835
687,12.27382464726342,10.236193216200919,0.2903724273789927,0.7096275726210068,4.0875,0.2769
690,12.164744432423783,6.8954991278949676,0.2906788157117566,0.7093211842882435,4.0817,0.2705
693,12.081817886573518,3.4604755052299425,0.29106644671583626,0.708933553284164,4.0759,0.2642
696,12.027381959156315,0.1094415499815346,0.29152888631167173,0.7084711136883284,4.0702,0.258
699,11.999890416464142,-3.3095073524555403,0.2920728824675643,0.7079271175324356,4.0645,0.2519
702,11.997930786594315,-6.6175731318317785,0.2926903183323358,0.7073096816676645,4.0588,0.2459
705,12.021508091090592,-9.882584516265254,0.2933743959494456,0.7066256040505547,4.0532,0.2401
708,12.071542909543139,-13.179869812191027,0.29414212128576733,0.7058578787142321,4.0476,0.2343
711,12.142309477163336,-16.331217573854676,0.2949716538832727,0.7050283461167275,4.042,0.2287
714,12.239014148726241,-19.48927975806865,0.29587837529099387,0.7041216247090061,4.0365,0.2232
717,12.352776440925958,-22.494436365074886,0.29684270653998096,0.7031572934600192,4.031,0.2177
720,12.485287262845524,-25.41301291931487,0.29787307611668656,0.7021269238833135,4.0255,0.2124
723,12.641109355530002,-28.31434975318499,0.29898250933254283,0.7010174906674572,4.0201,0.2072
726,12.807462771837475,-31.052416919532778,0.30014580822270076,0.6998541917772998,4.0146,0.2021
729,12.989895970415583,-33.69950248177948,0.3013614748818078,0.6986385251181929,4.0093,0.197
732,13.191149415383608,-36.31519123236809,0.3026702072882254,0.6973297927117748,4.0039,0.1921
735,13.398877070699466,-38.77039126780243,0.30401146264915324,0.6959885373508472,3.9986,0.1873
738,13.617439814732583,-41.13629170280817,0.30541542405815725,0.6945845759418429,3.9933,0.1825
741,13.85318709878672,-43.465500345488266,0.3069019767180333,0.6930980232819666,3.9881,0.1779
744,14.09040182961814,-45.64933763723786,0.30842127273955616,0.6915787272604441,3.9829,0.1733
747,14.334872819180363,-47.74738942957357,0.30999956106676113,0.6900004389332387,3.9777,0.1688
750,14.593965088904019,-49.81021255939809,0.31166327681901157,0.6883367231809885,3.9726,0.1645
753,14.851163118491089,-51.74490674655596,0.31335410839661443,0.6866458916033858,3.9675,0.1601
756,15.1126210985703,-53.60042028555494,0.3151003188646067,0.6848996811353936,3.9624,0.1559
759,15.386322365471287,-55.42816444496156,0.31694356360874426,0.6830564363912559,3.9573,0.1518
762,15.655673904118558,-57.139368871012564,0.31879866407188273,0.6812013359281176,3.9523,0.1477
765,15.9274820925483,-58.78346622458325,0.3207090865623844,0.6792909134376155,3.9473,0.1437
768,16.210534862170572,-60.403012103779076,0.32271325180357746,0.6772867481964226,3.9424,0.1398
771,16.48625306099348,-61.91940693945103,0.3247275564034577,0.6752724435965427,3.9375,0.136
774,16.763207196233182,-63.37984495828921,0.3267975921807473,0.673202407819253,3.9326,0.1322
777,17.040313067596447,-64.78299363907284,0.32891906060660137,0.6710809393933982,3.9277,0.1286
780,17.327456300299787,-66.1692812025876,0.33114114944124867,0.6688588505587516,3.9229,0.125
783,17.60575763253006,-67.47115275880815,0.3333668188778461,0.6666331811221546,3.9181,0.1214
786,17.883555604887757,-68.7253248579604,0.3356446784796502,0.6643553215203499,3.9133,0.1179
789,18.170230664779485,-69.96417439030783,0.3380251082582503,0.66197489174175,3.9086,0.1145
792,18.44681626664648,-71.12738134114791,0.3404006829614831,0.6595993170385174,3.9039,0.1112
795,18.722198665121226,-72.24944991545759,0.3428272258386662,0.6571727741613342,3.8992,0.108
798,18.99709519654304,-73.3327863314171,0.3452994605476263,0.6547005394523745,3.8946,0.1048
801,19.27996807477821,-74.40745581607499,0.3478892110772429,0.6521107889227575,3.89,0.1016
804,19.552052424391285,-75.41824763635681,0.35046586158271503,0.6495341384172852,3.8854,0.0985
807,19.82287605934331,-76.39370378826418,0.35308483140865493,0.6469151685913451,3.8809,0.0955
810,20.09133568362393,-77.33772197922687,0.35576045588639826,0.6442395441136015,3.8763,0.0926
813,20.36833324877674,-78.273331455365,0.3585446622043802,0.6414553377956201,3.8719,0.0897
816,20.633723239229003,-79.15582255707068,0.36131484617868753,0.6386851538213131,3.8674,0.0869
819,20.897938488166115,-80.01003051074113,0.3641286006365758,0.6358713993634245,3.863,0.0841
822,21.160067961676212,-80.83680817763455,0.36699040139720585,0.6330095986027955,3.8586,0.0814
825,21.429116248657955,-81.65786741250146,0.3699788047687076,0.630021195231293,3.8542,0.0788
828,21.687852860341405,-82.43267833185395,0.3729327159421216,0.6270672840578788,3.8499,0.0762
831,21.944841613283923,-83.18460824408757,0.37593666055286706,0.6240633394471335,3.8456,0.0736
834,22.199309550719715,-83.91187289527316,0.3789843927843723,0.6210156072156289,3.8413,0.0712
837,22.46184292384986,-84.63620910057894,0.382162971070596,0.6178370289294052,3.8371,0.0687
840,22.71290668137427,-85.31909721552846,0.38530029007507854,0.6146997099249228,3.8329,0.0664
843,22.962662872929887,-85.98377085870767,0.3884897440079521,0.6115102559920488,3.8287,0.064
846,23.20996751898708,-86.62713001434477,0.3917214394894093,0.6082785605105913,3.8245,0.0618
849,23.464949944671297,-87.26695503015992,0.3950868678496815,0.6049131321503187,3.8204,0.0596
852,23.70944315650162,-87.87318178128882,0.39840901123676487,0.601590988763235,3.8163,0.0574
855,23.95198164247024,-88.46138799238605,0.4017755795673827,0.5982244204326178,3.8122,0.0553
858,24.193441072298096,-89.03230642211173,0.4051817698778307,0.5948182301221696,3.8082,0.0532
861,24.433031541856963,-89.58638586247166,0.4086316148799992,0.5913683851200021,3.8042,0.0512
864,24.679980497771293,-90.13838010741418,0.41223064259434145,0.587769357405659,3.8002,0.0492
867,24.916795883833288,-90.66002549262012,0.4157640716191013,0.5842359283808988,3.7963,0.0473
870,25.151867538041202,-91.16855248373803,0.4193518552630501,0.580648144736951,3.7923,0.0454
873,25.385708233664136,-91.66124368890064,0.4229736233907737,0.5770263766092267,3.7884,0.0436
876,25.61876441243173,-92.13964883795397,0.42663282204331665,0.5733671779566835,3.7846,0.0418
879,25.858989376775945,-92.61700116698687,0.43045677481306976,0.5695432251869295,3.7807,0.04
882,26.08901339241363,-93.06755525627904,0.4341996424405398,0.5658003575594606,3.7769,0.0384
885,26.318416212598702,-93.50708470450873,0.4379911192051539,0.5620088807948469,3.7731,0.0367
888,26.54686953070274,-93.9328619687068,0.44181416789471667,0.5581858321052835,3.7694,0.0351
891,26.774427052518448,-94.34727047499916,0.4456808557685406,0.5543191442314607,3.7657,0.0335
894,27.009474823677383,-94.75838775445624,0.44970672597136035,0.55029327402864,3.762,0.032
897,27.23504184093242,-95.14965159829254,0.45365676195935883,0.5463432380406414,3.7583,0.0305
900,27.459905465807555,-95.5285412876994,0.4576361515695108,0.5423638484304906,3.7547,0.0291
903,27.68413743148743,-95.89731881435796,0.46165732235855167,0.5383426776414484,3.7511,0.0277
906,27.90780702608563,-96.2562532911436,0.46571986238658375,0.5342801376134142,3.7475,0.0263
909,28.13057581289805,-96.60467767265011,0.4698184158985346,0.5301815841014667,3.7439,0.025
912,28.362078127516735,-96.94934175593728,0.47408004155333217,0.5259199584466655,3.7404,0.0237
915,28.584049142929867,-97.2771595793973,0.47824697621017315,0.5217530237898287,3.7369,0.0225
918,28.80610618858579,-97.59519447905275,0.4824446119841536,0.5175553880158442,3.7335,0.0213
921,29.02756356295301,-97.90562509933454,0.4866893563203975,0.5133106436796031,3.73,0.0201
924,29.24882719065188,-98.20584481478275,0.49095839101563027,0.5090416089843707,3.7266,0.019
927,29.478886369130457,-98.50276016427227,0.4954048384420023,0.5045951615579978,3.7232,0.0179
930,29.70043985655035,-98.78561928825778,0.4997413337946122,0.5002586662053882,3.7199,0.0168
933,29.921623621515746,-99.05991012462847,0.5041084350889831,0.49589156491101677,3.7166,0.0158
936,30.142925905901738,-99.32668283228752,0.5085109965489558,0.4914890034510455,3.7133,0.0148
939,30.363992212509686,-99.58530262207847,0.5129425889640753,0.4870574110359251,3.71,0.0139
942,30.58609700241351,-99.83662303190802,0.5174055820815073,0.4825944179184928,3.7068,0.0129
945,30.807315391005584,-100.08033972033608,0.5218986515681925,0.47810134843180857,3.7035,0.0121
948,31.039190556701758,-100.3187506662593,0.5265651644920895,0.47343483550791116,3.7004,0.0112
951,31.261653975416973,-100.54780561687458,0.5311157283594302,0.46888427164056995,3.6972,0.0104
954,31.484992369617164,-100.7694374203993,0.5356888404120648,0.46431115958793545,3.6941,0.0096
957,31.708485993770044,-100.98401858666593,0.5402859207665749,0.45971407923342533,3.691,0.0089
960,31.932639979842417,-101.19248541218872,0.5449123794331386,0.45508762056686297,3.6879,0.0082
963,32.15786096742389,-101.39399797287676,0.5495589527461782,0.450441047253822,3.6849,0.0075
966,32.39332414476861,-101.59056254563238,0.5543948347303416,0.44560516526965527,3.6819,0.0068
969,32.61981375269282,-101.77956657136825,0.5590910047323498,0.44090899526764954,3.6789,0.0062
972,32.847563200012345,-101.96205337472708,0.5638046820408168,0.4361953179591841,3.676,0.0056
975,33.07552154033672,-102.13944867607813,0.5685449778464678,0.4314550221535345,3.673,0.0051
978,33.30486619349969,-102.31061090861944,0.5733008846221334,0.42669911537786714,3.6701,0.0046
981,33.53565867615834,-102.47566090840323,0.5780715627065933,0.42192843729340596,3.6673,0.0041
984,33.76764148109259,-102.63573662984534,0.5828645012351032,0.4171354987648982,3.6645,0.0036
987,34.01034513293644,-102.78923469509746,0.587843187541316,0.41215681245868563,3.6617,0.0032
990,34.24451158901936,-102.93881919825571,0.5926717050870217,0.4073282949129767,3.6589,0.0028
993,34.48038011148027,-103.08279378619727,0.5975111432939475,0.402488856706053,3.6562,0.0024
996,34.7177024544942,-103.22230942673745,0.6023688122185744,0.3976311877814262,3.6535,0.002
999,34.95605288097091,-103.35683636606963,0.6072360875444843,0.39276391245551634,3.6508,0.0017
1002,35.195983356437836,-103.48716454625546,0.6121193656306165,0.38788063436938575,3.6481,0.0014
1005,35.437359700200474,-103.61170954860006,0.6170017255982552,0.3829982744017458,3.6455,0.0012
1008,35.681244351387086,-103.7318547270204,0.6218976900992969,0.3781023099007059,3.643,0.0009
1011,35.936760276140646,-103.84546839506396,0.6269883006839277,0.37301169931607264,3.6404,0.0007
1014,36.18383809899884,-103.95713876092682,0.6319020309527925,0.3680979690472084,3.6379,0.0005
1017,36.43258116738909,-104.06347581519614,0.6368103164454919,0.363189683554508,3.6355,0.0004
1020,36.6829811968329,-104.16741141849067,0.6417358160132193,0.3582641839867814,3.633,0.0003
1023,36.93568743894922,-104.26685218337693,0.6466616487935067,0.35333835120649276,3.6306,0.0002
1026,37.19075866048298,-104.3618838697361,0.6515868287974665,0.3484131712025365,3.6283,0.0001
1029,37.44796911003499,-104.45372857071001,0.6565180356226276,0.3434819643773722,3.626,0.0
1032,37.70682751585771,-104.54191612343925,0.6614456163781776,0.33855438362182244,3.6237,0.0
1035,37.979819670275305,-104.62092493610876,0.6665584491733249,0.3334415508266752,3.6215,0.0
1038,38.2439360930218,-104.70073752874768,0.6714777534558978,0.32852224654409967,3.6194,0.0
1041,38.51043026966812,-104.77778163079054,0.676398396339072,0.3236016036609301,3.6173,0.0
1044,38.77936546467757,-104.8521687110933,0.6813191641858106,0.3186808358141897,3.6152,0.0
1047,39.05107681453379,-104.9228023010129,0.6862315778136724,0.31376842218632794,3.6132,0.0
1050,39.32535083070063,-104.99097725916727,0.6911418082134326,0.3088581917865679,3.6112,0.0
1053,39.602249736727586,-105.0568054555501,0.6960486163370555,0.3039513836629454,3.6092,0.0
1056,39.88210196488281,-105.119150753466,0.7009437341627892,0.29905626583721173,3.6073,0.0
1059,40.177428839627034,-105.17241780275084,0.7060273227663643,0.2939726772336388,3.6054,0.0
1062,40.462986502874465,-105.23035297597056,0.7109100618338742,0.2890899381661262,3.6035,0.0
1065,40.75167455107724,-105.28507377699259,0.7157777011495653,0.28422229885043515,3.6017,0.0
1068,41.04328828054703,-105.33795740207228,0.7206359112715638,0.27936408872843776,3.5999,0.0
1071,41.33788704207451,-105.38911878928758,0.7254834218167288,0.2745165781832719,3.5981,0.0
1074,41.63552951722379,-105.43867420662669,0.730318958236458,0.2696810417635432,3.5963,0.0
1077,41.93652861683169,-105.48538206868986,0.7351348401805399,0.26486515981945946,3.5946,0.0
1080,42.24068374513608,-105.53068547102482,0.7399363806173337,0.26006361938266415,3.5929,0.0
1083,42.548051477435266,-105.57470373509192,0.7447223032432089,0.25527769675679307,3.5912,0.0
1086,42.87294835732996,-105.60863726707096,0.7496874287100745,0.2503125712899261,3.5895,0.0
1089,43.18734320999719,-105.64880395962308,0.7544322190267695,0.245567780973231,3.5879,0.0
1092,43.505116059924944,-105.68801632005773,0.7591577127696908,0.24084228723031118,3.5863,0.0
1095,43.82631986951786,-105.72639981546321,0.7638626413857891,0.23613735861421162,3.5847,0.0
1098,44.15100648330989,-105.76408219863387,0.7685457394939391,0.2314542605060612,3.5831,0.0
1101,44.4792265550899,-105.80119366456414,0.7732057458759685,0.2267942541240338,3.5815,0.0
1104,44.81127384662716,-105.83632791622915,0.7778359190355965,0.22216408096440485,3.58,0.0
1107,45.14695055062692,-105.87111383150615,0.7824407123599094,0.21755928764008792,3.5785,0.0
1110,45.48630358563056,-105.905687964334,0.7870188869582505,0.21298111304175,3.577,0.0
1113,45.82937837212348,-105.94018996207501,0.7915692118850193,0.20843078811498209,3.5755,0.0
1116,46.17621874284036,-105.97476276795435,0.7960904651352004,0.20390953486479932,3.574,0.0
1119,46.54361325694247,-105.99668696042511,0.8007690047733532,0.19923099522664953,3.5726,0.0
1122,46.89833238894781,-106.03162186312888,0.8052279434254331,0.19477205657456417,3.5711,0.0
1125,47.25718256193335,-106.06536532697515,0.8096494566271545,0.1903505433728468,3.5697,0.0
1128,47.61995922850206,-106.09973441640716,0.8140372974859311,0.18596270251406885,3.5683,0.0
1131,47.98669717891397,-106.13488974852665,0.8183903060834399,0.18160969391655915,3.5669,0.0
1134,48.357670555015325,-106.16919685690972,0.8227029914364171,0.17729700856358313,3.5656,0.0
1137,48.7324270350954,-106.2063955499877,0.8269830336066872,0.17301696639331504,3.5642,0.0
1140,49.11147828858711,-106.24303015931936,0.8312207474955976,0.168779252504404,3.5629,0.0
1143,49.49460860134661,-106.28107933670691,0.8354193844235458,0.16458061557645698,3.5616,0.0
1146,49.881841152397286,-106.32072792859472,0.8395778680305592,0.160422131969442,3.5603,0.0
1149,50.27319634699284,-106.3621671955006,0.8436951407963762,0.15630485920362466,3.559,0.0
1152,50.687827617491976,-106.39230817507452,0.8479523766365462,0.15204762336345362,3.5577,0.0
1155,51.08773252202244,-106.43775734729003,0.8519828771096872,0.1480171228903136,3.5564,0.0
1158,51.4920549406542,-106.48354960996265,0.8559656803021088,0.14403431969788988,3.5552,0.0
1161,51.90055711308108,-106.5318988037397,0.8599034381713944,0.14009656182860628,3.554,0.0
1164,52.312991089051785,-106.58517630042621,0.8637983414734299,0.1362016585265713,3.5527,0.0
1167,52.729861891550485,-106.63937119233668,0.8676430601656638,0.13235693983433627,3.5515,0.0
1170,53.15091616204825,-106.69683574957114,0.8714399534575816,0.12856004654241765,3.5503,0.0
1173,53.57614756334557,-106.75782800385377,0.8751881432031093,0.12481185679689068,3.5491,0.0
1176,54.005808777211904,-106.82030701456921,0.8788841185304427,0.12111588146955987,3.548,0.0
1179,54.43936205046289,-106.88913152386566,0.8825324888633722,0.11746751113662895,3.5468,0.0
1182,54.87731810883131,-106.95992858158876,0.8861272567229228,0.11387274327707889,3.5457,0.0
1185,55.319117645893805,-107.03776393492176,0.8896726052318336,0.11032739476816629,3.5445,0.0
1188,55.787621680932304,-107.10295020941098,0.8933268468015051,0.10667315319849564,3.5434,0.0
1191,56.23811239240677,-107.18842311604374,0.8967622882974291,0.10323771170256861,3.5423,0.0
1194,56.69262242769813,-107.2795094355563,0.9001438101143777,0.09985618988562328,3.5412,0.0
1197,57.151108529486656,-107.37658526362947,0.9034707506458439,0.09652924935415487,3.5401,0.0
1200,57.61352189895641,-107.48004769834198,0.9067424773340674,0.09325752266593484,3.539,0.0
1203,58.080109303493465,-107.5875478068226,0.9099567890168724,0.09004321098312855,3.538,0.0
1206,58.55021349637329,-107.7050085492686,0.9131164217711776,0.08688357822882296,3.5369,0.0
1209,59.02437698335033,-107.82730088596664,0.9162177472121067,0.08378225278789382,3.5359,0.0
1212,59.50190642794541,-107.9606388549996,0.9192631079354617,0.08073689206453914,3.5348,0.0
1215,59.9833563176877,-108.09971009304233,0.9222493851280993,0.07775061487190064,3.5338,0.0
1218,60.46832772614092,-108.24796221704516,0.9251774949223429,0.07482250507765822,3.5328,0.0
1221,60.95672802126389,-108.40599123829443,0.9280470115944378,0.07195298840556617,3.5318,0.0
1224,61.44845713382217,-108.57443334964333,0.9308575399221802,0.06914246007782039,3.5308,0.0
1227,61.96937722333191,-108.73789606030387,0.933745454892577,0.06625454510742564,3.5298,0.0
1230,62.46770480642899,-108.92928089146587,0.9364346283826028,0.06356537161739795,3.5288,0.0
1233,62.969011232031825,-109.13328863738593,0.939063782716826,0.06093621728317412,3.5278,0.0
1236,63.473552208651185,-109.34721984850188,0.9416322282326517,0.058367771767349724,3.5269,0.0
1239,63.980417878377956,-109.57897156874559,0.9441406578524009,0.05585934214760088,3.5259,0.0
1242,64.4902462901468,-109.82234650279824,0.946588119507145,0.053411880492856896,3.525,0.0
1245,65.00206371157606,-110.08572709250909,0.9489749733850883,0.0510250266149139,3.524,0.0
1248,65.51653383811004,-110.362723363888,0.9513007137425,0.04869928625750021,3.5231,0.0
1251,66.03306229508965,-110.65826269865134,0.9535654369794603,0.04643456302054093,3.5222,0.0
1254,66.55145447993408,-110.9736615034143,0.9557690458445737,0.044230954155426584,3.5213,0.0
1257,67.07150303673049,-111.3103483520623,0.9579114721528713,0.04208852784713167,3.5204,0.0
1260,67.59298697445494,-111.66987591665591,0.9599926764874215,0.040007323512579296,3.5195,0.0
1263,68.11567066710667,-112.05393432407828,0.9620126478730765,0.03798735212692425,3.5186,0.0
1266,68.63930271604337,-112.46436611555458,0.9639714034232403,0.03602859657675877,3.5177,0.0
1269,69.16416388411525,-112.89851958258208,0.9658695508416579,0.03413044915834291,3.5169,0.0
1272,69.718603834189,-113.35580916819758,0.9678055934995761,0.03219440650042408,3.516,0.0
1275,70.24421047912887,-113.85391165398974,0.9695792599550059,0.030420740044994156,3.5152,0.0
1278,70.76899826834943,-114.39254502847754,0.9712913981318081,0.0287086018681933,3.5143,0.0
1281,71.29381634439271,-114.96462343467323,0.9729436604123141,0.027056339587687255,3.5135,0.0
1284,71.8176970241774,-115.57826428802565,0.9745355028518354,0.025464497148166152,3.5127,0.0
1287,72.33954708227247,-116.24247760547223,0.9760661274682597,0.023933872531742235,3.5118,0.0
1290,72.86026874363968,-116.95029651896347,0.9775376799168757,0.02246232008312377,3.511,0.0
1293,73.37872386541602,-117.71134212728003,0.9789494767576661,0.021050523242335417,3.5102,0.0
1296,73.8943917867641,-118.53033290494149,0.9803017859173481,0.01969821408265232,3.5094,0.0
1299,74.40670444956514,-119.4124804948734,0.9815948980022418,0.018405101997758955,3.5086,0.0
1302,74.91504018811715,-120.36354123947798,0.9828291257163018,0.017170874283699504,3.5078,0.0
1305,75.41871657293623,-121.38987017539087,0.9840048032669358,0.015995196733063582,3.507,0.0
1308,75.91789631467806,-122.49183411568607,0.985123683202098,0.014876316797903005,3.5063,0.0
1311,76.4099621644778,-123.69026484389491,0.9861833946554172,0.013816605344584032,3.5055,0.0
1314,76.89487102605197,-124.98716294380574,0.9871856792384713,0.012814320761529422,3.5047,0.0
1317,77.37264658212544,-126.38466409717299,0.9881324870917207,0.011867512908279391,3.504,0.0
1320,77.8713336643112,-127.9331905269828,0.9890783075949512,0.010921692405049902,3.5032,0.0
1323,78.32922355738823,-129.58275695093022,0.9899099009803105,0.010090099019689925,3.5025,0.0
1326,78.77518428771681,-131.3732139415422,0.9906859119328376,0.009314088067163058,3.5018,0.0
1329,79.20639589696853,-133.32457290459928,0.9914051318150222,0.008594868184978888,3.501,0.0
1332,79.62356021583457,-135.43447675136198,0.9920713954926028,0.007928604507398294,3.5003,0.0
1335,80.02354775971301,-137.72334308832507,0.9926835597958816,0.007316440204119832,3.4996,0.0
1338,80.40422765998686,-140.20361685840618,0.9932421482059113,0.006757851794089832,3.4989,0.0
1341,80.76327051553257,-142.88658269909888,0.9937476980622091,0.006252301937791531,3.4982,0.0
1344,81.09815928228821,-145.78141287089468,0.9942007599164995,0.0057992400835016914,3.4975,0.0
1347,81.40621677761212,-148.8939751239797,0.9946018968886914,0.005398103111309822,3.4968,0.0
1350,81.68465499167874,-152.2254361841122,0.9949516840259445,0.005048315974056129,3.4961,0.0
1353,81.93065072472383,-155.77076138479092,0.9952507076656244,0.004749292334376515,3.4954,0.0
1356,82.14144983318046,-159.51729359705732,0.9954995648029275,0.004500435197073764,3.4947,0.0
1359,82.31449815227826,-163.44367708359147,0.9956988624639277,0.004301137536073737,3.494,0.0
1362,82.44947440868599,-167.5161564192753,0.9958511390009765,0.004148860999024105,3.4934,0.0
1365,82.54093905006954,-171.70330848278593,0.9959531844830717,0.004046815516928268,3.4927,0.0
1368,82.59160334176727,-175.95375038165824,0.9960094802353411,0.003990519764659777,3.4921,0.0
1371,82.59728906293306,179.7795039579932,0.996016798543154,0.003983201456846229,3.4914,0.0
1374,82.5622923288378,175.54877656354316,0.9959796609485668,0.004020339051433445,3.4908,0.0
1377,82.49264620980043,171.17476884436567,0.995904170062348,0.0040958299376527155,3.4901,0.0
1380,82.37444399582128,167.15590582551783,0.9957738725485092,0.004226127451491958,3.4895,0.0
1383,82.21727335107441,163.30612929908094,0.995597234893278,0.004402765106722461,3.4888,0.0
1386,82.02768049496876,159.64387155380504,0.9953787975765229,0.004621202423477893,3.4882,0.0
1389,81.80680487064205,156.18956176541127,0.9951172915317189,0.004882708468281894,3.4876,0.0
1392,81.55774781069432,152.95199400182207,0.9948133900273806,0.005186609972620555,3.487,0.0
1395,81.28357057549603,149.9329734848051,0.9944677695811641,0.005532230418836821,3.4864,0.0
1398,80.98720767438108,147.12881624655913,0.9940811094577491,0.005918890542252123,3.4858,0.0
1401,80.671409320658,144.5318266056744,0.9936540911786295,0.006345908821371278,3.4852,0.0
1404,80.33870869258408,142.1316101238224,0.9931873980440596,0.006812601955940788,3.4846,0.0
1407,79.99140847685659,139.91615572805222,0.9926817146673428,0.007318285332657664,3.484,0.0
1410,79.63158124404404,137.87267496767308,0.9921377265216528,0.007862273478346582,3.4834,0.0
1413,79.26107896198374,135.98821863144877,0.9915561194995348,0.00844388050046602,3.4828,0.0
1416,78.8815479574673,134.25010597370556,0.9909375794851843,0.009062420514817034,3.4822,0.0
1419,78.49444662401797,132.6462054799709,0.990282791939635,0.009717208060365936,3.4816,0.0
1422,78.10226419259443,131.1578751076012,0.9895941672812905,0.010405832718710142,3.4811,0.0
1425,77.7036971636061,129.78906113793357,0.9888689101001683,0.011131089899832816,3.4805,0.0
1428,77.30099310050146,128.52267418529496,0.9881094538433085,0.011890546156691132,3.4799,0.0
1431,76.89612072912887,127.34286043686437,0.9873181176032702,0.012681882396731247,3.4794,0.0
1434,76.48766217681381,126.25539744714784,0.9864922691610996,0.013507730838899942,3.4788,0.0
1437,76.0784422135213,125.23919985820002,0.9856358271786161,0.01436417282138453,3.4783,0.0
1440,75.65181876575438,124.2054255602292,0.9847117623797971,0.01528823762020523,3.4777,0.0
1443,75.24044327455482,123.33015931203107,0.9837910979388624,0.016208902061138616,3.4772,0.0
1446,74.82798573329202,122.52079365136693,0.9828387625485947,0.01716123745140666,3.4766,0.0
1449,74.41674079015495,121.75970435207519,0.9818583757476003,0.01814162425239817,3.4761,0.0
1452,74.00613947937693,121.04881734078512,0.9808490924383094,0.01915090756169014,3.4756,0.0
1455,73.59567689355194,120.38998722247113,0.9798102185576342,0.020189781442364534,3.475,0.0
1458,73.18736269302032,119.7676168623811,0.9787451279553032,0.02125487204469806,3.4745,0.0
1461,72.78059756617246,119.18440759386885,0.9776530765577037,0.022346923442295663,3.474,0.0
1464,72.37562033146307,118.63734252986839,0.9765346995417463,0.023465300458253922,3.4735,0.0
1467,71.97264382365245,118.12368112982348,0.9753906268813204,0.02460937311867902,3.473,0.0
1470,71.57185768925837,117.64093085790422,0.9742214831444659,0.025778516855534846,3.4725,0.0
1473,71.17343083237593,117.18682184828793,0.973027887301619,0.026972112698381477,3.472,0.0
1476,70.7775135593669,116.75928429188467,0.9718104525448024,0.02818954745519744,3.4715,0.0
1479,70.3842394639385,116.35642827008613,0.9705697861174767,0.029430213882524262,3.471,0.0
1482,69.99372708813662,115.9765257783582,0.9693064891548621,0.030693510845138255,3.4705,0.0
1485,69.60608138961409,115.61799470275726,0.9680211565345073,0.031978843465493456,3.47,0.0
1488,69.22139504113964,115.27938453382026,0.9667143767368481,0.033285623263153534,3.4695,0.0
1491,68.83974958454415,114.95936362343093,0.9653867317155255,0.03461326828447517,3.469,0.0
1494,68.46121645811938,114.65670781053905,0.9640387967772452,0.03596120322275618,3.4685,0.0
1497,68.08585791374685,114.37029026049917,0.9626711404708832,0.03732885952911834,3.468,0.0
1500,67.71431466052913,114.09462633316183,0.9612849439782291,0.038715056021771936,3.4676,0.0
1503,67.34544764648199,113.8377245522237,0.9598794685991313,0.040120531400870504,3.4671,0.0
1506,66.97989513454004,113.5941759454617,0.9584559353704166,0.041544064629583835,3.4666,0.0
1509,66.61824313205342,113.35893304648354,0.95701533875322,0.04298466124677963,3.4662,0.0
1512,66.24311103525231,113.09824118362452,0.9554871176051895,0.044512882394808974,3.4657,0.0
1515,65.88775037371859,112.89119550488148,0.9540114223305333,0.04598857766946735,3.4652,0.0
1518,65.53632932725687,112.6904909945083,0.9525200895657695,0.04747991043423137,3.4648,0.0
1521,65.18780678691573,112.50363932587422,0.9510130196512567,0.048986980348744005,3.4643,0.0
1524,64.84322619684897,112.3220826308345,0.949491210781975,0.05050878921802504,3.4639,0.0
1527,64.5015750057158,112.15316506204992,0.9479547803409224,0.052045219659077914,3.4634,0.0
1530,64.16385436478213,111.98864388657361,0.9464044782370459,0.053595521762955074,3.463,0.0
1533,63.829558542780426,111.83196315163107,0.9448406247172071,0.05515937528279132,3.4626,0.0
1536,63.49821064613158,111.6863735042276,0.9432637706577712,0.05673622934222857,3.4621,0.0
1539,63.170755341200866,111.54405813640817,0.9416742869420702,0.05832571305793213,3.4617,0.0
1542,62.84670300678968,111.40837467987852,0.9400726494746292,0.059927350525370675,3.4613,0.0
1545,62.52558995408548,111.2824997305211,0.9384595688051334,0.06154043119486581,3.4608,0.0
1548,62.20831172493637,111.15899474826153,0.9368350307240741,0.06316496927592627,3.4604,0.0
1551,61.89439392685948,111.04112763358766,0.9351996699353312,0.06480033006466923,3.46,0.0
1554,61.58381871469806,110.92860628977215,0.9335539152898205,0.06644608471018036,3.4596,0.0
1557,61.27613911283858,110.82450309877956,0.9318986940288986,0.06810130597110066,3.4591,0.0
1560,60.97219470227829,110.72182305499645,0.9302334710552564,0.06976652894474163,3.4587,0.0
1563,60.671529978796485,110.62371370860578,0.9285590970333583,0.0714409029666412,3.4583,0.0
1566,60.37412143739224,110.52994581966398,0.9268759716270335,0.07312402837296608,3.4579,0.0
1569,60.07994445916015,110.44030323791122,0.9251844872914182,0.07481551270858332,3.4575,0.0
1572,59.78897341609068,110.35458201494971,0.9234850293133828,0.07651497068661701,3.4571,0.0
1575,59.50118176865764,110.27258958668125,0.9217779758553091,0.07822202414469144,3.4567,0.0
1578,59.21654215672993,110.19414401969381,0.9200636980019714,0.07993630199803002,3.4563,0.0
1581,58.93502648429277,110.11907331590919,0.9183425598104036,0.08165744018959811,3.4559,0.0
1584,58.65660599842493,110.04721477037342,0.9166149183625628,0.08338508163743731,3.4555,0.0
1587,58.38125136293391,109.97841437756351,0.9148811238206185,0.08511887617938212,3.4551,0.0
1590,58.108932727022584,109.91252628204084,0.9131415194847015,0.08685848051529915,3.4547,0.0
1593,57.83961978932576,109.84941226967209,0.9113964418529797,0.08860355814701874,3.4543,0.0
1596,57.57365216420851,109.78607097893251,0.9096449001173474,0.09035509988265406,3.454,0.0
1599,57.297157253607494,109.70494115249029,0.9077954511676382,0.09220454883236265,3.4536,0.0
1602,57.036789569204046,109.64976884606422,0.9060353144994505,0.09396468550054816,3.4532,0.0
1605,56.779302618080465,109.59687368780543,0.9042710013146802,0.09572899868531894,3.4528,0.0
1608,56.52502166908476,109.54339950095444,0.9025012362714183,0.09749876372858345,3.4525,0.0
1611,56.27319786569581,109.49477379638569,0.9007294107663191,0.09927058923368394,3.4521,0.0
1614,56.02415915388259,109.44812211949696,0.8989542993267114,0.10104570067328844,3.4517,0.0
1617,55.7778734256558,109.40335336642597,0.8971761861827403,0.10282381381726063,3.4513,0.0
1620,55.534654895068044,109.35773834647516,0.8953935211625956,0.10460647883740505,3.451,0.0
1623,55.29377630679235,109.31650485883267,0.8936101706705938,0.10638982932940694,3.4506,0.0
1626,55.055895969905755,109.27431371716803,0.891822682090141,0.10817731790985885,3.4503,0.0
1629,54.82029644353363,109.2362985005101,0.8900351586370082,0.10996484136299234,3.4499,0.0
1632,54.587289610363655,109.19977087218219,0.8882459638073246,0.11175403619267649,3.4495,0.0
1635,54.35717873017307,109.16214205574137,0.8864532085935337,0.11354679140646654,3.4492,0.0
1638,54.12925977414868,109.12841121284222,0.8846613491490117,0.11533865085098693,3.4488,0.0
1641,53.90416956536854,109.09349689667772,0.8828662866713284,0.11713371332867152,3.4485,0.0
1644,53.68121229991984,109.06231284512542,0.881072711414482,0.11892728858551874,3.4481,0.0
1647,53.46101752422252,109.02987246686168,0.8792762691384877,0.12072373086151202,3.4478,0.0
1650,53.243223084960825,108.99859602765119,0.8774794408544738,0.1225205591455273,3.4475,0.0
1653,53.02747393145343,108.97082140639723,0.875684944940995,0.12431505505900584,3.4471,0.0
1656,52.81438989470189,108.94169649595612,0.873888047492463,0.1261119525075369,3.4468,0.0
1659,52.603293347225815,108.91593524875212,0.8720940182573625,0.12790598174263818,3.4464,0.0
1662,52.394798471166695,108.88877018801969,0.8702978732452625,0.1297021267547374,3.4461,0.0
1665,52.18855262787935,108.86252780542033,0.8685023702685487,0.13149762973145207,3.4458,0.0
1668,51.98420896387972,108.8394600175714,0.8667104999646672,0.13328950003533308,3.4454,0.0
1671,51.78237417342901,108.81491965332327,0.8649169072749548,0.135083092725045,3.4451,0.0
1674,51.582700632896945,108.7911807322101,0.8631245141741266,0.13687548582587455,3.4448,0.0
1677,51.38515964817969,108.76820610945408,0.8613334971972254,0.13866650280277498,3.4445,0.0
1680,51.189410043122614,108.74818388467321,0.8595470615061389,0.14045293849386517,3.4441,0.0
1683,50.99605025424004,108.72661579543434,0.8577593658490856,0.14224063415091504,3.4438,0.0
1686,50.80473861102604,108.70571000134541,0.855973548492156,0.1440264515078447,3.4435,0.0
1689,50.61544758565786,108.68543518907791,0.8541897681393832,0.14581023186061337,3.4432,0.0
1692,50.428149951953856,108.66576134141076,0.8524081792297182,0.14759182077028266,3.4429,0.0
1695,50.2428187884685,108.64665967847048,0.8506289320124714,0.14937106798753017,3.4426,0.0
1698,50.059120083493255,108.63023023724851,0.8488555469064388,0.15114445309355948,3.4422,0.0
1701,49.87764307299744,108.61217629580328,0.8470814732322934,0.1529185267677075,3.4419,0.0
1704,49.68855881773241,108.57926666019684,0.8452058650469468,0.1547941349530527,3.4416,0.0
1707,49.510917125209076,108.56231065446116,0.843437389080449,0.15656261091955356,3.4413,0.0
1710,49.335110953900205,108.54579678950385,0.8416719546517324,0.15832804534826858,3.441,0.0
1713,49.16111525622485,108.52970272279784,0.8399096882287016,0.1600903117712974,3.4407,0.0
1716,48.98890529908744,108.51400701099506,0.8381507126033368,0.16184928739666365,3.4404,0.0
1719,48.81845666377376,108.49868907134571,0.8363951469618615,0.1636048530381391,3.4401,0.0
1722,48.649745245561235,108.48372914500524,0.8346431069541496,0.16535689304585025,3.4398,0.0
1725,48.482747253064524,108.46910826212658,0.832894704762335,0.16710529523766363,3.4395,0.0
1728,48.31743920733947,108.45480820863531,0.8311500491686802,0.16884995083131993,3.4392,0.0
1731,48.153797940755936,108.44081149459488,0.8294092456225841,0.17059075437741342,3.4389,0.0
1734,47.991800595661225,108.42710132407602,0.8276723963068314,0.17232760369317002,3.4386,0.0
1737,47.83172498109811,108.41170947051411,0.8259355211773067,0.17406447882269427,3.4384,0.0
1740,47.67294785162492,108.39853641627163,0.8242068228187589,0.17579317718124046,3.4381,0.0
1743,47.515747942064245,108.38560319286519,0.8224823666442039,0.177517633355799,3.4378,0.0
1746,47.360103616780634,108.37289551085094,0.8207622424165723,0.17923775758343244,3.4375,0.0
1749,47.20599354083052,108.3603996438588,0.8190465369506692,0.1809534630493312,3.4372,0.0
1752,47.053396677661844,108.34810240593171,0.8173353341743288,0.182664665825673,3.4369,0.0
1755,46.90259127522236,108.33410682945484,0.8156243333584218,0.18437566664157964,3.4367,0.0
1758,46.752958777207525,108.32217994265548,0.8139223273331452,0.186077672666856,3.4364,0.0
1761,46.60477817094099,108.31041497446472,0.8122250594173912,0.1877749405826162,3.4361,0.0
1764,46.45802958757481,108.2988006974418,0.8105326025859342,0.1894673974140671,3.4358,0.0
1767,46.312991990424656,108.28548345953726,0.8088404506187187,0.1911595493812804,3.4356,0.0
1770,46.16904894075443,108.27414851500781,0.807157776837213,0.1928422231627871,3.4353,0.0
1773,46.026480028397934,108.26293299019805,0.8054801180825468,0.19451988191745254,3.435,0.0
1776,45.88556493556838,108.25001374296777,0.8038028183356968,0.1961971816642991,3.4348,0.0
1779,45.745688350334596,108.239018143732,0.8021353294108955,0.19786467058910243,3.4345,0.0
1782,45.607130502505214,108.22811424302124,0.8004730375902711,0.1995269624097308,3.4342,0.0
1785,45.470171939301075,108.21550780834266,0.7988111407892663,0.20118885921073903,3.434,0.0
1788,45.334198096437106,108.20477115145297,0.7971593632777468,0.20284063672225144,3.4337,0.0
1791,45.19948999460372,108.19410162853421,0.7955129444990651,0.20448705550093538,3.4334,0.0
1794,45.06632917544123,108.18173241762024,0.7938669400023552,0.20613305999764522,3.4332,0.0
1797,44.934101474103066,108.17118344173575,0.792231340473339,0.20776865952666154,3.4329,0.0
1800,44.80338773596271,108.15893746595626,0.790596159450853,0.20940384054914765,3.4327,0.0
1803,44.67357391222739,108.14848081241735,0.7889715620394296,0.21102843796056908,3.4324,0.0
1806,44.54524178395677,108.13633040697243,0.7873473808696039,0.2126526191303978,3.4322,0.0
1809,44.4177772834,108.1259400534736,0.7857339527836547,0.21426604721633918,3.4319,0.0
1812,44.29146374282645,108.11556983852574,0.7841261887225389,0.21587381127746144,3.4316,0.0
1815,44.16658541843504,108.10351166145962,0.7825188260460654,0.21748117395394057,3.4314,0.0
1818,44.04252793549401,108.09317262328393,0.7809224539740772,0.21907754602592244,3.4311,0.0
1821,43.91987590248024,108.08115001414068,0.7793264663190322,0.22067353368097561,3.4309,0.0
1824,43.79831491331749,108.06914098416873,0.7777361934270379,0.22226380657296252,3.4307,0.0
1827,43.67752997335053,108.05881309162666,0.7761571305959872,0.22384286940400822,3.4304,0.0
1830,43.55148563768681,108.03529773922325,0.7744770023718718,0.22552299762812844,3.4302,0.0
1833,43.432862938822765,108.0250093034418,0.7729098135012933,0.2270901864987091,3.4299,0.0
1836,43.315574574124085,108.0130494112886,0.7713429426635773,0.2286570573364238,3.4297,0.0
1839,43.19900493151888,108.00272300922668,0.7697875549958471,0.23021244500415317,3.4294,0.0
1842,43.08374307996514,107.99073068639063,0.768232451014567,0.23176754898543292,3.4292,0.0
1845,42.96947467496834,107.97871958242348,0.766683242675131,0.23331675732486495,3.429,0.0
1848,42.85588444937581,107.96831044123633,0.7651456973613243,0.2348543026386763,3.4287,0.0
1851,42.743563776262,107.95624411446036,0.7636083763532422,0.23639162364676494,3.4285,0.0
1854,42.63219806465677,107.94414816748595,0.7620770056441248,0.23792299435587955,3.4283,0.0
1857,42.52147168236251,107.9336250141256,0.76055746270737,0.23944253729263038,3.428,0.0
1860,42.41197844429315,107.9214538274336,0.7590380759604524,0.2409619240395494,3.4278,0.0
1863,42.30340340335017,107.9092435036899,0.7575246826894666,0.24247531731053304,3.4276,0.0
1866,42.19573467630917,107.89699110878449,0.7560172949951565,0.24398270500485075,3.4274,0.0
1869,42.08865600398921,107.88627588048573,0.7545219330182422,0.24547806698175767,3.4271,0.0
1872,41.98276462097029,107.87392532441686,0.7530266242971337,0.2469733757028655,3.4269,0.0
1875,41.87774496208895,107.86152473760613,0.7515373503470367,0.24846264965296083,3.4267,0.0
1878,41.77358584654526,107.84907167113815,0.7500541188452569,0.24994588115474364,3.4265,0.0
1881,41.66997023030328,107.83812359518102,0.7485830878957213,0.2514169121042839,3.4262,0.0
1884,41.5674989554543,107.82555329397412,0.7471119950224627,0.25288800497753455,3.426,0.0
1887,41.46585567790118,107.8129239038459,0.7456469612155032,0.25435303878449284,3.4258,0.0
1890,41.36502987670005,107.80023339685049,0.7441879901782757,0.25581200982172525,3.4256,0.0
1893,41.26501118941414,107.78747984163512,0.7427350846861693,0.2572649153138316,3.4254,0.0
1896,41.16548140321871,107.77619532043636,0.7412945688526954,0.25870543114730365,3.4251,0.0
1899,41.06704607376533,107.76330528722454,0.7398538324482298,0.26014616755177067,3.4249,0.0
1902,40.96938769212405,107.7503470369997,0.7384191642918317,0.26158083570816937,3.4247,0.0
1905,40.87249650547084,107.73731899114844,0.736990563696249,0.26300943630374995,3.4245,0.0
1908,40.776362907349046,107.72421965203738,0.7355680291672914,0.2644319708327138,3.4243,0.0
1911,40.68097743534466,107.71104760020692,0.7341515584265114,0.26584844157348886,3.4241,0.0
1914,40.586330768789914,107.69780149165683,0.7327411484334184,0.26725885156658175,3.4239,0.0
1917,40.49241372650448,107.68448005523295,0.7313367954071879,0.26866320459281773,3.4237,0.0
1920,40.39890585899853,107.67257860952017,0.729945074607247,0.2700549253927578,3.4234,0.0
1923,40.306420628813875,107.65909862148679,0.7285528521964217,0.27144714780357837,3.4232,0.0
1926,40.2146382904262,107.64553997380901,0.7271666708901567,0.2728333291098398,3.423,0.0
1929,40.12355019878962,107.63190166124924,0.7257865241562599,0.274213475843739,3.4228,0.0
1932,40.033147837523565,107.61818273964009,0.7244124048238582,0.27558759517614323,3.4226,0.0
1935,39.94342281684431,107.60438232376106,0.723044305102388,0.2769556948976116,3.4224,0.0
1938,39.85436687152938,107.5904995852873,0.7216822166001906,0.2783177833998097,3.4222,0.0
1941,39.76597185891289,107.57653375080686,0.7203261303426574,0.27967386965734403,3.422,0.0
1944,39.67822975691131,107.562484099906,0.7189760367899801,0.2810239632100206,3.4218,0.0
1947,39.59113266208117,107.54834996331695,0.7176319258545322,0.2823680741454681,3.4216,0.0
1950,39.504672787704195,107.53413072113104,0.7162937869177846,0.2837062130822154,3.4214,0.0
1953,39.41884246190642,107.51982580106753,0.7149616088469213,0.2850383911530787,3.4212,0.0
1956,39.333634125803776,107.50543467680416,0.7136353800110153,0.2863646199889857,3.421,0.0
1959,39.24904033167765,107.49095686636089,0.7123150882968475,0.2876849117031605,3.4208,0.0
1962,39.165053741182255,107.4763919305379,0.7110007211243836,0.28899927887561555,3.4206,0.0
1965,39.081667123574505,107.46173947140562,0.7096922654618746,0.29030773453812486,3.4204,0.0
1968,38.999192167412616,107.44556461034098,0.7083826673393184,0.2916173326606832,3.4203,0.0
1971,38.91698470896179,107.4307394341585,0.7070859673347624,0.29291403266523874,3.4201,0.0
1974,38.83535616137203,107.41582571930361,0.7057951374337985,0.29420486256620204,3.4199,0.0
1977,38.75429970712758,107.40082321957699,0.704510162939856,0.2954898370601415,3.4197,0.0
1980,38.67380862790603,107.38573172320153,0.7032310287750662,0.2967689712249418,3.4195,0.0
1983,38.59387630298042,107.37055105158787,0.7019577194933674,0.2980422805066289,3.4193,0.0
1986,38.51449620763926,107.3552810581382,0.7006902192933413,0.2993097807066574,3.4191,0.0
1989,38.43111989608579,107.33053295196417,0.6993391441030588,0.3006608558969473,3.4189,0.0
1992,38.35317610945258,107.31370193610056,0.6980762191547017,0.30192378084529875,3.4188,0.0
1995,38.275443101299956,107.29819256430008,0.6968262788208659,0.30317372117913555,3.4186,0.0
1998,38.198236849007095,107.28259320472131,0.6955820815206962,0.3044179184793085,3.4184,0.0
2001,38.12155128911006,107.26690386089693,0.6943436098261384,0.3056563901738624,3.4182,0.0
2004,38.045380445189075,107.25112456181286,0.6931108460250963,0.30688915397490074,3.418,0.0
2007,37.969718426468376,107.23525536096473,0.6918837721322203,0.3081162278677799,3.4178,0.0
2010,37.894885019803795,107.21790478087163,0.6906549768884979,0.30934502311150414,3.4177,0.0
2013,37.820223817485356,107.20185869052749,0.6894392046640601,0.3105607953359377,3.4175,0.0
2016,37.746054268936184,107.18572295186584,0.68822906708021,0.3117709329197901,3.4173,0.0
2019,37.67237081234867,107.16949770818366,0.6870245451592689,0.3129754548407305,3.4171,0.0
2022,37.59949554486048,107.15180205702202,0.6858181353877317,0.3141818646122659,3.417,0.0
2025,37.5267684065818,107.13540079635774,0.6846247647117422,0.31537523528826245,3.4168,0.0
2028,37.45451114415915,107.11891053604347,0.6834369516797857,0.31656304832021065,3.4166,0.0
2031,37.38271850415953,107.1023314962635,0.6822546764745092,0.31774532352548823,3.4164,0.0
2034,37.311714882901555,107.08429264279987,0.681070346985014,0.31892965301498516,3.4163,0.0
2037,37.240836529191284,107.06753908827646,0.6798990658305242,0.32010093416947644,3.4161,0.0
2040,37.17040747743137,107.05069747512375,0.6787332621683655,0.3212667378316322,3.4159,0.0
2043,37.100753832918976,107.03240375823817,0.6775652797503784,0.32243472024962067,3.4158,0.0
2046,37.031209068999544,107.01538909481317,0.676410348572753,0.3235896514272467,3.4156,0.0
2049,36.962098921444095,106.99828723435898,0.6752608330756946,0.32473916692430177,3.4154,0.0
2052,36.89341863093537,106.98109850531955,0.6741167122959589,0.3258832877040419,3.4152,0.0
2055,36.82549657736134,106.9624675823706,0.6729702474556418,0.32702975254435446,3.4151,0.0
2058,36.75766249426369,106.94510819459359,0.6718368327098644,0.32816316729013334,3.4149,0.0
2061,36.69024438309949,106.92766296185978,0.6707087492179359,0.3292912507820664,3.4147,0.0
2064,36.62357231232137,106.90878272575176,0.6695781984647087,0.3304218015352913,3.4146,0.0
2067,36.556973211877086,106.89116887831626,0.6684606936052558,0.3315393063947419,3.4144,0.0
2070,36.491112323666215,106.87212472285552,0.6673406398364348,0.33265936016356273,3.4143,0.0
2073,36.4253147216193,106.8543437129048,0.6662336277320421,0.3337663722679592,3.4141,0.0
2076,36.3599111979321,106.8364787792232,0.6651318389833626,0.33486816101664396,3.4139,0.0
2079,36.29523460459542,106.81719035315966,0.664027379478212,0.33597262052178456,3.4138,0.0
2082,36.23060720083858,106.79916062246559,0.6629359531171014,0.33706404688289854,3.4136,0.0
2085,36.166699484438276,106.77971184509055,0.6618417753609855,0.33815822463902134,3.4135,0.0
2088,36.102831853177115,106.76151896261298,0.6607606238257342,0.3392393761742661,3.4133,0.0
2091,36.0393378636534,106.74324431262819,0.6596845856665177,0.3403154143334911,3.4131,0.0
2094,35.97655312178067,106.72355705639086,0.6586056759238309,0.34139432407617054,3.413,0.0
2097,35.9137952062414,106.70512187622599,0.6575397801229318,0.34246021987706887,3.4128,0.0
2100,35.85173983427298,106.68527828647625,0.6564709332954677,0.3435290667045334,3.4127,0.0
2103,35.78970272187127,106.66668437411468,0.6554150911466202,0.3445849088533758,3.4125,0.0
2106,35.72836165248563,106.64668614986914,0.654356219051259,0.34564378094873993,3.4124,0.0
2109,35.6670304799054,106.6279353548006,0.6533103415244079,0.34668965847559147,3.4122,0.0
2112,35.606046576740454,106.60910610619058,0.6522694212047023,0.3477305787952967,3.412,0.0
2115,35.54574934569906,106.5888784650716,0.6512253534894146,0.34877464651058654,3.4119,0.0
2118,35.4854498248505,106.56989522288119,0.6501942636296949,0.3498057363703059,3.4117,0.0
2121,35.42583095619193,106.54951744010565,0.6491599488576738,0.3508400511423272,3.4116,0.0
2124,35.36620191932641,106.53038216009648,0.6481385999242895,0.3518614000757066,3.4114,0.0
2127,35.30724769631689,106.50985609420813,0.6471139491572151,0.35288605084278685,3.4113,0.0
2130,35.24827561059049,106.49057076704409,0.6461022515249688,0.3538977484750307,3.4111,0.0
2133,35.189972676198465,106.4698983121293,0.6450871757499422,0.35491282425005927,3.411,0.0
2136,35.13199072252978,106.44915404684424,0.6440768463815585,0.35592315361843774,3.4109,0.0
2139,35.07397970911199,106.42964804093621,0.6430794499466499,0.35692055005335077,3.4107,0.0
2142,35.016629658438774,106.40876025879867,0.6420785621883202,0.35792143781168023,3.4106,0.0
2145,34.95924329017794,106.38910928240036,0.641090593115474,0.3589094068845225,3.4104,0.0
2148,34.902512637698024,106.36807994986128,0.6400990580062259,0.35990094199377587,3.4103,0.0
2151,34.845738575766276,106.34828608587091,0.6391204267841131,0.36087957321588554,3.4101,0.0
2154,34.78961513972313,106.32711719185727,0.6381381554733184,0.36186184452667963,3.41,0.0
2157,34.73344136358586,106.3071825416065,0.6371687727360754,0.36283122726392575,3.4098,0.0
2160,34.67791327556612,106.28587609431415,0.6361956765295315,0.36380432347046815,3.4097,0.0
2163,34.622678738612144,106.26450217655099,0.6352271276433371,0.36477287235666006,3.4096,0.0
2166,34.56738376898781,106.24436079842911,0.6342714435045058,0.3657285564954944,3.4094,0.0
2169,34.51272734364406,106.22285234513207,0.6333119372094286,0.3666880627905706,3.4093,0.0
2172,34.45800393815562,106.20257547142816,0.6323652792001336,0.36763472079986703,3.4091,0.0
2175,34.403914498977365,106.18093452680623,0.6314147273741804,0.36858527262581997,3.409,0.0
2178,34.35010469937949,106.15922859468279,0.6304686131434718,0.36953138685652126,3.4089,0.0
2181,34.29621838133719,106.13875291913322,0.629535321786202,0.37046467821379847,3.4087,0.0
2184,34.242959404641056,106.11691755637774,0.6285980305433834,0.37140196945661635,3.4086,0.0
2187,34.18961771870333,106.09631173313365,0.6276735447512458,0.37232645524874974,3.4084,0.0
2190,34.13689912850982,106.07434900401338,0.6267449891785419,0.3732550108214579,3.4083,0.0
2193,34.08444712768377,106.0523237994844,0.6258207624596439,0.37417923754035454,3.4082,0.0
2196,34.0319033954524,106.031527161561,0.6249093144574722,0.3750906855425248,3.408,0.0
2199,33.976851870109854,106.00129312897607,0.6239216143710808,0.3760783856289182,3.4079,0.0
2202,33.925198193431044,105.97909572699169,0.623010485331342,0.37698951466865555,3.4078,0.0
2205,33.873443962081645,105.95812583063334,0.6221121090157484,0.37788789098425085,3.4076,0.0
2208,33.822300642958915,105.9358070176485,0.6212094549659036,0.378790545034098,3.4075,0.0
2211,33.77140917674931,105.91342864580605,0.6203110002907384,0.37968899970926057,3.4074,0.0
2214,33.720408710288424,105.89227720032005,0.6194252702729196,0.38057472972708556,3.4072,0.0
2217,33.670013543777465,105.869780509315,0.6185351624156824,0.38146483758431654,3.4071,0.0
2220,33.619863329916384,105.84722577338091,0.61764919030081,0.38235080969918833,3.407,0.0
2223,33.56959593910836,105.82589756251512,0.6167759142506505,0.38322408574935113,3.4068,0.0
2226,33.5199284817589,105.80322759098756,0.6158981618959538,0.3841018381040455,3.4067,0.0
2229,33.47049932849187,105.78050108405404,0.615024482221313,0.384975517778688,3.4066,0.0
2232,33.42130631681474,105.75771853716478,0.6141548543766476,0.38584514562335337,3.4065,0.0
2235,33.37198563213221,105.73616219849154,0.6132978837738124,0.3867021162261873,3.4063,0.0
2238,33.323258081168206,105.7132684937992,0.6124363082079931,0.3875636917920066,3.4062,0.0
2241,33.274760342127,105.69032024941745,0.6115787222203438,0.3884212777796536,3.4061,0.0
2244,33.226490355757456,105.66731795735296,0.6107251052383795,0.3892748947616195,3.406,0.0
2247,33.178082634208245,105.64554184044626,0.6098841060019109,0.3901158939980896,3.4058,0.0
2250,33.13026163897732,105.62243243605674,0.6090383760642448,0.39096162393575584,3.4057,0.0
2253,33.082662367688755,105.5992704713971,0.60819655374212,0.3918034462578764,3.4056,0.0
2256,33.03528285853896,105.57605643390553,0.6073586187564194,0.392641381243582,3.4055,0.0
2259,32.98775596289147,105.55406880528928,0.60653326148103,0.393466738518969,3.4053,0.0
2262,32.94080975514454,105.53075165987597,0.6057030506770639,0.3942969493229352,3.4052,0.0
2265,32.894077564913616,105.50738391309777,0.6048766667243837,0.3951233332756143,3.4051,0.0
2268,32.84755752241182,105.48396604686079,0.6040540896504988,0.3959459103495003,3.405,0.0
2271,32.80088083132645,105.461775074266,0.6032440498347753,0.396755950165225,3.4048,0.0
2274,32.754779136857394,105.4382580559385,0.6024290365574512,0.3975709634425524,3.4047,0.0
2277,32.70888411382261,105.41469237103381,0.6016177706150572,0.3983822293849374,3.4046,0.0
2280,32.663193979360834,105.39107849510012,0.6008102323528017,0.39918976764719805,3.4045,0.0
2283,32.617706971584276,105.36741690202535,0.6000064021965383,0.3999935978034604,3.4044,0.0
2286,32.572052258955814,105.34498310694073,0.5992150583037822,0.40078494169621864,3.4042,0.0
2289,32.52696588057167,105.32122722082904,0.5984185951252472,0.40158140487475324,3.4041,0.0
2292,32.482077467286494,105.29742504423682,0.5976257817260866,0.4023742182739137,3.404,0.0
2295,32.43738533821581,105.27357704383776,0.5968365988608662,0.4031634011391353,3.4039,0.0
2298,32.39288783202559,105.24968368445076,0.5960510273672284,0.40394897263277224,3.4038,0.0
2301,32.34858330666112,105.22574542900367,0.5952690481662902,0.4047309518337099,3.4037,0.0
2304,32.30409852161502,105.20303648258103,0.5944994936513879,0.405500506348613,3.4035,0.0
2307,32.26017469379325,105.17900963252723,0.5937246507525047,0.40627534924749326,3.4034,0.0
2310,32.21643903482507,105.15493927800172,0.5929533433262385,0.4070466566737633,3.4033,0.0
2313,32.17288997714672,105.13082587391212,0.5921855526320224,0.40781444736797345,3.4032,0.0
2316,32.12952597118015,105.10666987312635,0.591421260014436,0.40857873998556427,3.4031,0.0
2319,32.086345485086625,105.08247172644926,0.5906604469034142,0.40933955309658354,3.403,0.0
2322,32.04334700452332,105.0582318825968,0.5899030948145392,0.41009690518546116,3.4029,0.0
2325,32.00015452364783,105.03522366132266,0.5891580953980406,0.4108419046019589,3.4027,0.0
2328,31.95751517440366,105.01090167555513,0.5884076182653278,0.4115923817346731,3.4026,0.0
2331,31.915053391436867,104.98653933948202,0.5876605471353933,0.41233945286460666,3.4025,0.0
2334,31.872767728035488,104.96213709310986,0.5869168638691361,0.4130831361308644,3.4024,0.0
2337,31.83065675382518,104.93769537425194,0.5861765504139916,0.41382344958601,3.4023,0.0
2340,31.788719054547375,104.91321461851388,0.5854395888040397,0.41456041119595444,3.4022,0.0
2343,31.746953231841257,104.88869525927272,0.5847059611601315,0.41529403883986965,3.4021,0.0
2346,31.705357903030038,104.86413772766602,0.5839756496899516,0.41602435031004853,3.402,0.0
2349,31.66393170090949,104.83954245257314,0.583248636688126,0.41675136331186946,3.4019,0.0
2352,31.62229513814908,104.81618255637581,0.582533884064048,0.41746611593595223,3.4017,0.0
2355,31.581202753722028,104.79151310329594,0.5818134225452709,0.4181865774547297,3.4016,0.0
2358,31.540275486311433,104.76680719202818,0.5810962068259748,0.4189037931740259,3.4015,0.0
2361,31.499512028554367,104.74206524217789,0.5803822195496848,0.4196177804503146,3.4014,0.0
2364,31.45891108755153,104.71728767103457,0.5796714434469945,0.42032855655300944,3.4013,0.0
2367,31.41847138467533,104.69247489356454,0.578963861335534,0.42103613866446665,3.4012,0.0
2370,31.37819165537946,104.6676273223998,0.5782594561199704,0.4217405438800293,3.4011,0.0
2373,31.338070649012913,104.64274536783182,0.5775582107919511,0.4224417892080483,3.401,0.0
2376,31.298107128635237,104.61782943780308,0.5768601084300519,0.4231398915699499,3.4009,0.0
2379,31.258299870836037,104.59287993790345,0.5761651321997081,0.42383486780028523,3.4008,0.0
2382,31.218647665555707,104.56789727135892,0.5754732653531643,0.4245267346468355,3.4007,0.0
2385,31.179149315910713,104.54288183903195,0.5747844912293464,0.42521550877065484,3.4006,0.0
2388,31.139803638019536,104.51783403941417,0.5740987932537926,0.42590120674620674,3.4005,0.0
2391,31.100609460832352,104.49275426862296,0.5734161549385278,0.426583845061471,3.4004,0.0
2394,31.061565625963187,104.46764292039795,0.5727365598819526,0.42726344011804246,3.4003,0.0
2397,31.022670987524183,104.44250038609808,0.5720599917687063,0.4279400082312953,3.4002,0.0
2400,30.983924411963038,104.41732705470099,0.571386434369521,0.4286135656304783,3.4001,0.0
